{"cameraMode":{"drawMode":0,"name":"Shaded","section":"Shading Mode"},"sceneLighting":true,"audioPlay":false,"sceneViewState":{"m_AlwaysRefresh":false,"showFog":true,"showSkybox":true,"showFlares":true,"showImageEffects":true,"showParticleSystems":true,"showVisualEffectGraphs":true,"m_FxEnabled":true},"in2DMode":false,"pivot":{"x":0.13460755348205567,"y":0.5557715892791748,"z":-0.13675978779792787},"rotation":{"x":-0.06390678882598877,"y":0.7609628438949585,"z":-0.07580430060625076,"w":-0.6412068009376526},"size":1.3891639709472657,"orthographic":false}